{
    "m_header": {
        "m_packetFormat": 2021,
        "m_gameMajorVersion": 1,
        "m_gameMinorVersion": 4,
        "m_packetVersion": 1,
        "m_packetId": 0,
        "m_sessionTime": 313.1851806640625,
        "m_frameIdentifier": 14445,
        "m_playerCarIndex": 0,
        "m_secondaryPlayerCarIndex": 255
    },
    "m_carMotionData": [
        {
            "m_worldPositionX": -151.96347045898438,
            "m_worldPositionY": 92.74258422851562,
            "m_worldPositionZ": 67.6125717163086,
            "m_worldVelocityX": 0.01963030733168125,
            "m_worldVelocityY": 0.0038564607966691256,
            "m_worldVelocityZ": -0.004496535751968622,
            "m_worldForwardDirX": 37252,
            "m_worldForwardDirY": 65379,
            "m_worldForwardDirZ": 48995,
            "m_worldRightDirX": 16542,
            "m_worldRightDirY": 65153,
            "m_worldRightDirZ": 37254,
            "m_gForceLateral": -0.004055950324982405,
            "m_gForceLongitudinal": 0.001657015411183238,
            "m_gForceVertical": 0.03951248154044151,
            "m_yaw": -2.0999999046325684,
            "m_pitch": 0.0017728805541992188,
            "m_roll": 0.01171820517629385
        },
        {
            "m_worldPositionX": -394.66583251953125,
            "m_worldPositionY": 91.1524429321289,
            "m_worldPositionZ": 137.42715454101562,
            "m_worldVelocityX": 0,
            "m_worldVelocityY": 0,
            "m_worldVelocityZ": 0,
            "m_worldForwardDirX": 1316,
            "m_worldForwardDirY": 65494,
            "m_worldForwardDirZ": 32799,
            "m_worldRightDirX": 32731,
            "m_worldRightDirY": 670,
            "m_worldRightDirZ": 1315,
            "m_gForceLateral": 0,
            "m_gForceLongitudinal": 0,
            "m_gForceVertical": 0,
            "m_yaw": 3.1014013290405273,
            "m_pitch": -0.02040886878967285,
            "m_roll": -0.02047920413315296
        },
        {
            "m_worldPositionX": -382.0362854003906,
            "m_worldPositionY": 91.25318145751953,
            "m_worldPositionZ": -89.95303344726562,
            "m_worldVelocityX": 0,
            "m_worldVelocityY": 0,
            "m_worldVelocityZ": 0,
            "m_worldForwardDirX": 1224,
            "m_worldForwardDirY": 65530,
            "m_worldForwardDirZ": 32792,
            "m_worldRightDirX": 32740,
            "m_worldRightDirY": 506,
            "m_worldRightDirZ": 1224,
            "m_gForceLateral": 0,
            "m_gForceLongitudinal": 0,
            "m_gForceVertical": 0,
            "m_yaw": 3.1042134761810303,
            "m_pitch": -0.015424489974975586,
            "m_roll": -0.015443099662661552
        },
        {
            "m_worldPositionX": -377.21929931640625,
            "m_worldPositionY": 91.33992004394531,
            "m_worldPositionZ": -82.06583404541016,
            "m_worldVelocityX": 0,
            "m_worldVelocityY": 0,
            "m_worldVelocityZ": 0,
            "m_worldForwardDirX": 1665,
            "m_worldForwardDirY": 65515,
            "m_worldForwardDirZ": 32812,
            "m_worldRightDirX": 32720,
            "m_worldRightDirY": 525,
            "m_worldRightDirZ": 1664,
            "m_gForceLateral": 0,
            "m_gForceLongitudinal": 0,
            "m_gForceVertical": 0,
            "m_yaw": 3.0907459259033203,
            "m_pitch": -0.01597738265991211,
            "m_roll": -0.01603161357343197
        },
        {
            "m_worldPositionX": -382.73089599609375,
            "m_worldPositionY": 91.25554656982422,
            "m_worldPositionZ": -74.01318359375,
            "m_worldVelocityX": 0,
            "m_worldVelocityY": 0,
            "m_worldVelocityZ": 0,
            "m_worldForwardDirX": 1658,
            "m_worldForwardDirY": 2,
            "m_worldForwardDirZ": 32812,
            "m_worldRightDirX": 32720,
            "m_worldRightDirY": 524,
            "m_worldRightDirZ": 1658,
            "m_gForceLateral": 0,
            "m_gForceLongitudinal": 0,
            "m_gForceVertical": 0,
            "m_yaw": 3.090945243835449,
            "m_pitch": -0.01599597930908203,
            "m_roll": -0.01601293683052063
        },
        {
            "m_worldPositionX": -377.91314697265625,
            "m_worldPositionY": 91.34228515625,
            "m_worldPositionZ": -66.01610565185547,
            "m_worldVelocityX": 0,
            "m_worldVelocityY": 0,
            "m_worldVelocityZ": 0,
            "m_worldForwardDirX": 1205,
            "m_worldForwardDirY": 17,
            "m_worldForwardDirZ": 32792,
            "m_worldRightDirX": 32741,
            "m_worldRightDirY": 498,
            "m_worldRightDirZ": 1205,
            "m_gForceLateral": 0,
            "m_gForceLongitudinal": 0,
            "m_gForceVertical": 0,
            "m_yaw": 3.1047863960266113,
            "m_pitch": -0.015234708786010742,
            "m_roll": -0.015225050039589405
        },
        {
            "m_worldPositionX": -383.4236755371094,
            "m_worldPositionY": 91.26184844970703,
            "m_worldPositionZ": -58.287784576416016,
            "m_worldVelocityX": 0,
            "m_worldVelocityY": 0,
            "m_worldVelocityZ": 0,
            "m_worldForwardDirX": 1199,
            "m_worldForwardDirY": 13,
            "m_worldForwardDirZ": 32791,
            "m_worldRightDirX": 32741,
            "m_worldRightDirY": 481,
            "m_worldRightDirZ": 1199,
            "m_gForceLateral": 0,
            "m_gForceLongitudinal": 0,
            "m_gForceVertical": 0,
            "m_yaw": 3.104971170425415,
            "m_pitch": -0.01468801498413086,
            "m_roll": -0.014682970009744167
        },
        {
            "m_worldPositionX": -378.60394287109375,
            "m_worldPositionY": 91.3395767211914,
            "m_worldPositionZ": -49.93882369995117,
            "m_worldVelocityX": 0,
            "m_worldVelocityY": 0,
            "m_worldVelocityZ": 0,
            "m_worldForwardDirX": 1728,
            "m_worldForwardDirY": 7,
            "m_worldForwardDirZ": 32815,
            "m_worldRightDirX": 32717,
            "m_worldRightDirY": 498,
            "m_worldRightDirZ": 1728,
            "m_gForceLateral": 0,
            "m_gForceLongitudinal": 0,
            "m_gForceVertical": 0,
            "m_yaw": 3.0887985229492188,
            "m_pitch": -0.015211939811706543,
            "m_roll": -0.015220528468489647
        },
        {
            "m_worldPositionX": -384.1171875,
            "m_worldPositionY": 91.26744842529297,
            "m_worldPositionZ": -42.22779846191406,
            "m_worldVelocityX": 0,
            "m_worldVelocityY": 0,
            "m_worldVelocityZ": 0,
            "m_worldForwardDirX": 1723,
            "m_worldForwardDirY": 65480,
            "m_worldForwardDirZ": 32815,
            "m_worldRightDirX": 32717,
            "m_worldRightDirY": 494,
            "m_worldRightDirZ": 1722,
            "m_gForceLateral": 0,
            "m_gForceLongitudinal": 0,
            "m_gForceVertical": 0,
            "m_yaw": 3.088956117630005,
            "m_pitch": -0.014989256858825684,
            "m_roll": -0.015100189484655857
        },
        {
            "m_worldPositionX": -379.2998962402344,
            "m_worldPositionY": 91.35536193847656,
            "m_worldPositionZ": -34.10346984863281,
            "m_worldVelocityX": 0,
            "m_worldVelocityY": 0,
            "m_worldVelocityZ": 0,
            "m_worldForwardDirX": 1358,
            "m_worldForwardDirY": 65533,
            "m_worldForwardDirZ": 32798,
            "m_worldRightDirX": 32735,
            "m_worldRightDirY": 470,
            "m_worldRightDirZ": 1358,
            "m_gForceLateral": 0,
            "m_gForceLongitudinal": 0,
            "m_gForceVertical": 0,
            "m_yaw": 3.1001038551330566,
            "m_pitch": -0.0143280029296875,